web-scraper-order,web-scraper-start-url,123
"1679553273-1","https://www.toptal.com/developers/all","AWS"
"1679553273-2","https://www.toptal.com/developers/all","AWS CLI"
"1679553273-3","https://www.toptal.com/developers/all","AWS Cloud Engineers"
"1679553273-4","https://www.toptal.com/developers/all","AWS CloudWatch"
"1679553273-5","https://www.toptal.com/developers/all","AWS Cognito"
"1679553273-6","https://www.toptal.com/developers/all","AWS DevOps Engineers"
"1679553273-7","https://www.toptal.com/developers/all","AWS EMR"
"1679553273-8","https://www.toptal.com/developers/all","AWS IAM"
"1679553273-9","https://www.toptal.com/developers/all","AWS IoT"
"1679553273-10","https://www.toptal.com/developers/all","AWS Kinesis"
"1679553273-11","https://www.toptal.com/developers/all","AWS Lambda"
"1679553273-12","https://www.toptal.com/developers/all","AWS Operations Engineers"
"1679553273-13","https://www.toptal.com/developers/all","AWS RDS"
"1679553273-14","https://www.toptal.com/developers/all","AWS Solutions Architects"
"1679553273-15","https://www.toptal.com/developers/all","Azure"
"1679553273-16","https://www.toptal.com/developers/all","B2B Developers"
"1679553273-17","https://www.toptal.com/developers/all","Babel"
"1679553273-18","https://www.toptal.com/developers/all","Backbone.js"
"1679553273-19","https://www.toptal.com/developers/all","Back-end Developers"
"1679553273-20","https://www.toptal.com/developers/all","Bada"
"1679553273-21","https://www.toptal.com/developers/all","Bamboo"
"1679553273-22","https://www.toptal.com/developers/all","Banshee"
"1679553273-23","https://www.toptal.com/developers/all","Basecamp"
"1679553273-24","https://www.toptal.com/developers/all","Bash"
"1679553273-25","https://www.toptal.com/developers/all","Batch"
"1679553273-26","https://www.toptal.com/developers/all","BFC"
"1679553273-27","https://www.toptal.com/developers/all","BigCommerce"
"1679553273-28","https://www.toptal.com/developers/all","Big Data Architects"
"1679553273-29","https://www.toptal.com/developers/all","BigQuery"
"1679553273-30","https://www.toptal.com/developers/all","Bing Maps"
"1679553273-31","https://www.toptal.com/developers/all","Bitbucket"
"1679553273-32","https://www.toptal.com/developers/all","Bitcoin"
"1679553273-33","https://www.toptal.com/developers/all","Bitcoin Cash"
"1679553273-34","https://www.toptal.com/developers/all","Bitcoin Experts"
"1679553273-35","https://www.toptal.com/developers/all","BizTalk"
"1679553273-36","https://www.toptal.com/developers/all","BlackBerry"
"1679553273-37","https://www.toptal.com/developers/all","Blazor"
"1679553273-38","https://www.toptal.com/developers/all","Blender"
"1679553273-39","https://www.toptal.com/developers/all","Blockchain Developers"
"1679553273-40","https://www.toptal.com/developers/all","BlueBream"
"1679553273-41","https://www.toptal.com/developers/all","Bluetooth"
"1679553273-42","https://www.toptal.com/developers/all","Bokeh"
"1679553273-43","https://www.toptal.com/developers/all","BoonEx Dolphin"
"1679553273-44","https://www.toptal.com/developers/all","Boost"
"1679553273-45","https://www.toptal.com/developers/all","Bootstrap"
"1679553273-46","https://www.toptal.com/developers/all","Bottle"
"1679553273-47","https://www.toptal.com/developers/all","Bower Experts"
"1679553273-48","https://www.toptal.com/developers/all","Box"
"1679553273-49","https://www.toptal.com/developers/all","BPM"
"1679553273-50","https://www.toptal.com/developers/all","Braintree"
"1679553273-51","https://www.toptal.com/developers/all","Brand Developers"
"1679553273-52","https://www.toptal.com/developers/all","Breeze.js"
"1679553273-53","https://www.toptal.com/developers/all","Brew"
"1679553273-54","https://www.toptal.com/developers/all","Brutos Framework"
"1679553273-55","https://www.toptal.com/developers/all","BuddyPress"
"1679553273-56","https://www.toptal.com/developers/all","Business Central"
"1679553273-57","https://www.toptal.com/developers/all","Business Intelligence"
"1679553273-58","https://www.toptal.com/developers/all","C"
"1679553273-59","https://www.toptal.com/developers/all","C#"
"1679553273-60","https://www.toptal.com/developers/all","C++"
"1679553273-61","https://www.toptal.com/developers/all","Caching"
"1679553273-62","https://www.toptal.com/developers/all","CakePHP"
"1679553273-63","https://www.toptal.com/developers/all","Camping"
"1679553273-64","https://www.toptal.com/developers/all","Capistrano"
"1679553273-65","https://www.toptal.com/developers/all","Capybara"
"1679553273-66","https://www.toptal.com/developers/all","Carma"
"1679553273-67","https://www.toptal.com/developers/all","CartoDB"
"1679553273-68","https://www.toptal.com/developers/all","Cassandra"
"1679553273-69","https://www.toptal.com/developers/all","Catalyst"
"1679553273-70","https://www.toptal.com/developers/all","Caveman2"
"1679553273-71","https://www.toptal.com/developers/all","Celery"
"1679553273-72","https://www.toptal.com/developers/all","CFWheels"
"1679553273-73","https://www.toptal.com/developers/all","Chai"
"1679553273-74","https://www.toptal.com/developers/all","Chart.js"
"1679553273-75","https://www.toptal.com/developers/all","Chatbot"
"1679553273-76","https://www.toptal.com/developers/all","ChatGPT"
"1679553273-77","https://www.toptal.com/developers/all","CherryPy"
"1679553273-78","https://www.toptal.com/developers/all","Chief Information Security Officers"
"1679553273-79","https://www.toptal.com/developers/all","Chief Security Officers"
"1679553273-80","https://www.toptal.com/developers/all","Chromecast"
"1679553273-81","https://www.toptal.com/developers/all","Chrome Extension Developers"
"1679553273-82","https://www.toptal.com/developers/all","CI/CD Engineers"
"1679553273-83","https://www.toptal.com/developers/all","CircleCI"
"1679553273-84","https://www.toptal.com/developers/all","Cisco Engineers"
"1679553273-85","https://www.toptal.com/developers/all","Clarion"
"1679553273-86","https://www.toptal.com/developers/all","Clojure"
"1679553273-87","https://www.toptal.com/developers/all","Cloud Engineers"
"1679553273-88","https://www.toptal.com/developers/all","Cloud Architects"
"1679553273-89","https://www.toptal.com/developers/all","Cloud Cost Reduction Engineers"
"1679553273-90","https://www.toptal.com/developers/all","Cloudflare Experts"
"1679553273-91","https://www.toptal.com/developers/all","Cloud Infrastructure Engineers"
"1679553273-92","https://www.toptal.com/developers/all","Cloud Infrastructure Architects"
"1679553273-93","https://www.toptal.com/developers/all","Cloud Migration Engineers"
"1679553273-94","https://www.toptal.com/developers/all","Cloud Security"
"1679553273-95","https://www.toptal.com/developers/all","Clover"
"1679553273-96","https://www.toptal.com/developers/all","Clustering"
"1679553273-97","https://www.toptal.com/developers/all","CMake"
"1679553273-98","https://www.toptal.com/developers/all","CMS"
"1679553273-99","https://www.toptal.com/developers/all","C# / .NET"
"1679553273-100","https://www.toptal.com/developers/all","C++ / .NET"
"1679553273-101","https://www.toptal.com/developers/all","COBOL"
"1679553273-102","https://www.toptal.com/developers/all","Cocoa"
"1679553273-103","https://www.toptal.com/developers/all","CodeDeploy"
"1679553273-104","https://www.toptal.com/developers/all","CodeIgniter"
"1679553273-105","https://www.toptal.com/developers/all","CodeKit"
"1679553273-106","https://www.toptal.com/developers/all","Coders"
"1679553273-107","https://www.toptal.com/developers/all","Code Review Consultants"
"1679553273-108","https://www.toptal.com/developers/all","CoffeeScript"
"1679553273-109","https://www.toptal.com/developers/all","Cognos"
"1679553273-110","https://www.toptal.com/developers/all","ColdBox Platform"
"1679553273-111","https://www.toptal.com/developers/all","ColdFusion"
"1679553273-112","https://www.toptal.com/developers/all","ColdSpring"
"1679553273-113","https://www.toptal.com/developers/all","Computer Vision"
"1679553273-114","https://www.toptal.com/developers/all","Confluence"
"1679553273-115","https://www.toptal.com/developers/all","Consul"
"1679553273-116","https://www.toptal.com/developers/all","Contentful Developers"
"1679553273-117","https://www.toptal.com/developers/all","Core Data"
"1679553273-118","https://www.toptal.com/developers/all","Core Java"
"1679553273-119","https://www.toptal.com/developers/all","Corona SDK"
"1679553273-120","https://www.toptal.com/developers/all","Couchbase"
"1679553273-121","https://www.toptal.com/developers/all","CouchDB"
"1679553273-122","https://www.toptal.com/developers/all","CppCMS"
"1679553273-123","https://www.toptal.com/developers/all","CQRS Developers"
"1679553273-124","https://www.toptal.com/developers/all","Crashlytics"
"1679553273-125","https://www.toptal.com/developers/all","CRM"
"1679553273-126","https://www.toptal.com/developers/all","Cross-Platform"
"1679553273-127","https://www.toptal.com/developers/all","Cryptanalysts"
"1679553273-128","https://www.toptal.com/developers/all","Cryptocurrency"
"1679553273-129","https://www.toptal.com/developers/all","Crystal Programming"
"1679553273-130","https://www.toptal.com/developers/all","Crystal Reports"
"1679553273-131","https://www.toptal.com/developers/all","CSLA"
"1679553273-132","https://www.toptal.com/developers/all","CSS"
"1679553273-133","https://www.toptal.com/developers/all","CSS3"
"1679553273-134","https://www.toptal.com/developers/all","CSS / JavaScript"
"1679553273-135","https://www.toptal.com/developers/all","CTOs"
"1679553273-136","https://www.toptal.com/developers/all","CubicWeb"
"1679553273-137","https://www.toptal.com/developers/all","Cucumber"
"1679553273-138","https://www.toptal.com/developers/all","CUDA"
"1679553273-139","https://www.toptal.com/developers/all","cURL"
"1679553273-140","https://www.toptal.com/developers/all","C++ / VBA"
"1679553273-141","https://www.toptal.com/developers/all","Cyber Security"
"1679553273-142","https://www.toptal.com/developers/all","Cython"
"1679553273-143","https://www.toptal.com/developers/all","D"
"1679553273-144","https://www.toptal.com/developers/all","D3.js"
"1679553273-145","https://www.toptal.com/developers/all","Dagger"
"1679553273-146","https://www.toptal.com/developers/all","Dancer"
"1679553273-147","https://www.toptal.com/developers/all","ÐApp"
"1679553273-148","https://www.toptal.com/developers/all","Dapper"
"1679553273-149","https://www.toptal.com/developers/all","Dart"
"1679553273-150","https://www.toptal.com/developers/all","Dashboard"
"1679553273-151","https://www.toptal.com/developers/all","Data Analysts"
"1679553273-152","https://www.toptal.com/developers/all","Database Developers"
"1679553273-153","https://www.toptal.com/developers/all","Database Clustering Consultants"
"1679553273-154","https://www.toptal.com/developers/all","Database Integration Engineers"
"1679553273-155","https://www.toptal.com/developers/all","Database Migration Engineers"
"1679553273-156","https://www.toptal.com/developers/all","Databricks"
"1679553273-157","https://www.toptal.com/developers/all","Datadog"
"1679553273-158","https://www.toptal.com/developers/all","Data Engineers"
"1679553273-159","https://www.toptal.com/developers/all","Data Integration Engineers"
"1679553273-160","https://www.toptal.com/developers/all","Data Management Engineers"
"1679553273-161","https://www.toptal.com/developers/all","Data Migration Engineers"
"1679553273-162","https://www.toptal.com/developers/all","Data Modeling Experts"
"1679553273-163","https://www.toptal.com/developers/all","Data Modeling Analysts"
"1679553273-164","https://www.toptal.com/developers/all","Data Scientists"
"1679553273-165","https://www.toptal.com/developers/all","Data Scraping Specialists"
"1679553273-166","https://www.toptal.com/developers/all","Data Visualization Developers"
"1679553273-167","https://www.toptal.com/developers/all","Data Warehouse"
"1679553273-168","https://www.toptal.com/developers/all","DB2"
"1679553273-169","https://www.toptal.com/developers/all","Debian"
"1679553273-170","https://www.toptal.com/developers/all","Debugging"
"1679553273-171","https://www.toptal.com/developers/all","Dedicated Developers"
"1679553273-172","https://www.toptal.com/developers/all","Dedicated Android Developers"
"1679553273-173","https://www.toptal.com/developers/all","Dedicated Front-end Developers"
"1679553273-174","https://www.toptal.com/developers/all","Dedicated iPhone Developers"
"1679553273-175","https://www.toptal.com/developers/all","Dedicated Java Developers"
"1679553273-176","https://www.toptal.com/developers/all","Dedicated Magento Developers"
"1679553273-177","https://www.toptal.com/developers/all","Dedicated Mobile App Developers"
"1679553273-178","https://www.toptal.com/developers/all","Dedicated .NET Developers"
"1679553273-179","https://www.toptal.com/developers/all","Dedicated PHP Developers"
"1679553273-180","https://www.toptal.com/developers/all","Dedicated Web Developers"
"1679553273-181","https://www.toptal.com/developers/all","Dedicated WordPress Developers"
"1679553273-182","https://www.toptal.com/developers/all","Deep Learning Experts"
"1679553273-183","https://www.toptal.com/developers/all","DeFi (Decentralized Finance)"
"1679553273-184","https://www.toptal.com/developers/all","Delphi"
"1679553273-185","https://www.toptal.com/developers/all","Demandware"
"1679553273-186","https://www.toptal.com/developers/all","Design Engineers"
"1679553273-187","https://www.toptal.com/developers/all","DevExpress"
"1679553273-188","https://www.toptal.com/developers/all","Devise"
"1679553273-189","https://www.toptal.com/developers/all","DevOps Engineers"
"1679553273-190","https://www.toptal.com/developers/all","DevSecOps Engineers"
"1679553273-191","https://www.toptal.com/developers/all","Dev Team Leads"
"1679553273-192","https://www.toptal.com/developers/all","DirectX"
"1679553273-193","https://www.toptal.com/developers/all","Discord Bot"
"1679553273-194","https://www.toptal.com/developers/all","Distributed Ledger Engineers"
"1679553273-195","https://www.toptal.com/developers/all","Distributed Systems Engineers"
"1679553273-196","https://www.toptal.com/developers/all","Django"
"1679553273-197","https://www.toptal.com/developers/all","Docker"
"1679553273-198","https://www.toptal.com/developers/all","DocuSign"
"1679553273-199","https://www.toptal.com/developers/all","Dojo"
"1679553273-200","https://www.toptal.com/developers/all","DotNetNuke"
"1679553273-201","https://www.toptal.com/developers/all","DRF Django REST Framework"
"1679553273-202","https://www.toptal.com/developers/all","Dropbox"
"1679553273-203","https://www.toptal.com/developers/all","Dropwizard"
"1679553273-204","https://www.toptal.com/developers/all","Drupal"
"1679553273-205","https://www.toptal.com/developers/all","DynamoDB"
"1679553273-206","https://www.toptal.com/developers/all","eBay API"
"1679553273-207","https://www.toptal.com/developers/all","Eclipse"
"1679553273-208","https://www.toptal.com/developers/all","Eclipse RAP"
"1679553273-209","https://www.toptal.com/developers/all","ECMAScript 6"
"1679553273-210","https://www.toptal.com/developers/all","eCommerce"
"1679553273-211","https://www.toptal.com/developers/all","eCommerce Consultants"
"1679553273-212","https://www.toptal.com/developers/all","EDI"
"1679553273-213","https://www.toptal.com/developers/all","Ejabberd"
"1679553273-214","https://www.toptal.com/developers/all","Elasticsearch"
"1679553273-215","https://www.toptal.com/developers/all","Elastic Stack Developers"
"1679553273-216","https://www.toptal.com/developers/all","Electron.js"
"1679553273-217","https://www.toptal.com/developers/all","Elementor"
"1679553273-218","https://www.toptal.com/developers/all","Elgg"
"1679553273-219","https://www.toptal.com/developers/all","Elixir"
"1679553273-220","https://www.toptal.com/developers/all","ELK Stack"
"1679553273-221","https://www.toptal.com/developers/all","Elm"
"1679553273-222","https://www.toptal.com/developers/all","Embedded Software Engineers"
"1679553273-223","https://www.toptal.com/developers/all","Embedded Systems Engineers"
"1679553273-224","https://www.toptal.com/developers/all","Ember.js"
"1679553273-225","https://www.toptal.com/developers/all","Enfold WordPress"
"1679553273-226","https://www.toptal.com/developers/all","Engineering Managers"
"1679553273-227","https://www.toptal.com/developers/all","Enterprise"
"1679553273-228","https://www.toptal.com/developers/all","Enterprise Architects"
"1679553273-229","https://www.toptal.com/developers/all","Episerver"
"1679553273-230","https://www.toptal.com/developers/all","Erlang"
"1679553273-231","https://www.toptal.com/developers/all","ERP"
"1679553273-232","https://www.toptal.com/developers/all","ESLint"
"1679553273-233","https://www.toptal.com/developers/all","Espresso"
"1679553273-234","https://www.toptal.com/developers/all","Ethereum"
"1679553273-235","https://www.toptal.com/developers/all","Ethereum Smart Contract"
"1679553273-236","https://www.toptal.com/developers/all","ETL"
"1679553273-237","https://www.toptal.com/developers/all","Evernote"
"1679553273-238","https://www.toptal.com/developers/all","Excel"
"1679553273-239","https://www.toptal.com/developers/all","Excel Macro"
"1679553273-240","https://www.toptal.com/developers/all","Expedia"
"1679553273-241","https://www.toptal.com/developers/all","ExpressionEngine"
"1679553273-242","https://www.toptal.com/developers/all","Express.js"
"1679553273-243","https://www.toptal.com/developers/all","Extended Reality Developers"
"1679553273-244","https://www.toptal.com/developers/all","ExtJS"
"1679553273-245","https://www.toptal.com/developers/all","F#"
"1679553273-246","https://www.toptal.com/developers/all","Fabric"
"1679553273-247","https://www.toptal.com/developers/all","Facebook Ads"
"1679553273-248","https://www.toptal.com/developers/all","Facebook API"
"1679553273-249","https://www.toptal.com/developers/all","Fastlane"
"1679553273-250","https://www.toptal.com/developers/all","Fat-Free"
"1679553273-251","https://www.toptal.com/developers/all","Fault Tolerance"
"1679553273-252","https://www.toptal.com/developers/all","FFmpeg"
"1679553273-253","https://www.toptal.com/developers/all","Financial Software Developers"
"1679553273-254","https://www.toptal.com/developers/all","Fintech"
"1679553273-255","https://www.toptal.com/developers/all","Firebase"
"1679553273-256","https://www.toptal.com/developers/all","Firefox"
"1679553273-257","https://www.toptal.com/developers/all","Firestore"
"1679553273-258","https://www.toptal.com/developers/all","Firmware Engineers"
"1679553273-259","https://www.toptal.com/developers/all","Fitbit"
"1679553273-260","https://www.toptal.com/developers/all","Flash"
"1679553273-261","https://www.toptal.com/developers/all","Flask"
"1679553273-262","https://www.toptal.com/developers/all","Flex"
"1679553273-263","https://www.toptal.com/developers/all","Flutter"
"1679553273-264","https://www.toptal.com/developers/all","Flux"
"1679553273-265","https://www.toptal.com/developers/all","Force.com"
"1679553273-266","https://www.toptal.com/developers/all","FormEngine"
"1679553273-267","https://www.toptal.com/developers/all","Fortran"
"1679553273-268","https://www.toptal.com/developers/all","FoxPro"
"1679553273-269","https://www.toptal.com/developers/all","FPGA"
"1679553273-270","https://www.toptal.com/developers/all","FreeBSD"
"1679553273-271","https://www.toptal.com/developers/all","Freelance Developers"
"1679553273-272","https://www.toptal.com/developers/all","Freelance Programmers"
"1679553273-273","https://www.toptal.com/developers/all","Friendster"
"1679553273-274","https://www.toptal.com/developers/all","Front-end Developers"
"1679553273-275","https://www.toptal.com/developers/all","Front-end Web"
"1679553273-276","https://www.toptal.com/developers/all","FTP"
"1679553273-277","https://www.toptal.com/developers/all","FuelPHP"
"1679553273-278","https://www.toptal.com/developers/all","Full-stack Developers"
"1679553273-279","https://www.toptal.com/developers/all","Full Stack Java"
"1679553273-280","https://www.toptal.com/developers/all","Full Stack .NET"
"1679553273-281","https://www.toptal.com/developers/all","Full Stack Node.js"
"1679553273-282","https://www.toptal.com/developers/all","Full Stack PHP"
"1679553273-283","https://www.toptal.com/developers/all","Full Stack Python"
"1679553273-284","https://www.toptal.com/developers/all","Fusebox"
"1679553273-285","https://www.toptal.com/developers/all","Game Developers"
"1679553273-286","https://www.toptal.com/developers/all","Ganache"
"1679553273-287","https://www.toptal.com/developers/all","GatsbyJS"
"1679553273-288","https://www.toptal.com/developers/all","GCC"
"1679553273-289","https://www.toptal.com/developers/all","Gentoo"
"1679553273-290","https://www.toptal.com/developers/all","GIMP"
"1679553273-291","https://www.toptal.com/developers/all","GIS"
"1679553273-292","https://www.toptal.com/developers/all","Git"
"1679553273-293","https://www.toptal.com/developers/all","GitFlow"
"1679553273-294","https://www.toptal.com/developers/all","GitHub"
"1679553273-295","https://www.toptal.com/developers/all","GitOps Engineers"
"1679553273-296","https://www.toptal.com/developers/all","GLSL"
"1679553273-297","https://www.toptal.com/developers/all","Gmail"
"1679553273-298","https://www.toptal.com/developers/all","Go Engineers"
"1679553273-299","https://www.toptal.com/developers/all","Golang"
"1679553273-300","https://www.toptal.com/developers/all","Google Software Engineers"
"1679553273-301","https://www.toptal.com/developers/all","Google AdWords"
"1679553273-302","https://www.toptal.com/developers/all","Google Analytics"
"1679553273-303","https://www.toptal.com/developers/all","Google API"
"1679553273-304","https://www.toptal.com/developers/all","Google App Engine"
"1679553273-305","https://www.toptal.com/developers/all","Google Cardboard"
"1679553273-306","https://www.toptal.com/developers/all","Google Checkout"
"1679553273-307","https://www.toptal.com/developers/all","Google Cloud"
"1679553273-308","https://www.toptal.com/developers/all","Google Cloud Platform"
"1679553273-309","https://www.toptal.com/developers/all","Google Docs"
"1679553273-310","https://www.toptal.com/developers/all","Google Drive"
"1679553273-311","https://www.toptal.com/developers/all","Google Glass"
"1679553273-312","https://www.toptal.com/developers/all","Google Kubernetes Engine (GKE)"
"1679553273-313","https://www.toptal.com/developers/all","Google Latitude"
"1679553273-314","https://www.toptal.com/developers/all","Google Maps"
"1679553273-315","https://www.toptal.com/developers/all","Google Play"
"1679553273-316","https://www.toptal.com/developers/all","Google Sheets"
"1679553273-317","https://www.toptal.com/developers/all","Google Sheets API"
"1679553273-318","https://www.toptal.com/developers/all","Google Sites"
"1679553273-319","https://www.toptal.com/developers/all","Google Storage"
"1679553273-320","https://www.toptal.com/developers/all","Google Web Toolkit"
"1679553273-321","https://www.toptal.com/developers/all","GPT-3"
"1679553273-322","https://www.toptal.com/developers/all","Gradle"
"1679553273-323","https://www.toptal.com/developers/all","Grafana"
"1679553273-324","https://www.toptal.com/developers/all","Grails"
"1679553273-325","https://www.toptal.com/developers/all","GraphQL"
"1679553273-326","https://www.toptal.com/developers/all","Gravity Forms"
"1679553273-327","https://www.toptal.com/developers/all","Grok"
"1679553273-328","https://www.toptal.com/developers/all","Groovy"
"1679553273-329","https://www.toptal.com/developers/all","Groupon"
"1679553273-330","https://www.toptal.com/developers/all","gRPC"
"1679553273-331","https://www.toptal.com/developers/all","Grunt.js"
"1679553273-332","https://www.toptal.com/developers/all","Gulp Experts"
"1679553273-333","https://www.toptal.com/developers/all","Hadoop"
"1679553273-334","https://www.toptal.com/developers/all","HAML"
"1679553273-335","https://www.toptal.com/developers/all","Hamlets"
"1679553273-336","https://www.toptal.com/developers/all","Hapi.js"
"1679553273-337","https://www.toptal.com/developers/all","Happstack"
"1679553273-338","https://www.toptal.com/developers/all","Haproxy"
"1679553273-339","https://www.toptal.com/developers/all","Haskell"
"1679553273-340","https://www.toptal.com/developers/all","Haxe"
"1679553273-341","https://www.toptal.com/developers/all","Hazaar MVC"
"1679553273-342","https://www.toptal.com/developers/all","HDFS"
"1679553273-343","https://www.toptal.com/developers/all","Healthcare Data Scientists"
"1679553273-344","https://www.toptal.com/developers/all","HealthKit"
"1679553273-345","https://www.toptal.com/developers/all","Helm"
"1679553273-346","https://www.toptal.com/developers/all","Heroku"
"1679553273-347","https://www.toptal.com/developers/all","HFT"
"1679553273-348","https://www.toptal.com/developers/all","Hi5"
"1679553273-349","https://www.toptal.com/developers/all","Hibernate"
"1679553273-350","https://www.toptal.com/developers/all","Highcharts"
"1679553273-351","https://www.toptal.com/developers/all","Hive"
"1679553273-352","https://www.toptal.com/developers/all","HTC Vive"
"1679553273-353","https://www.toptal.com/developers/all","HTML5"
"1679553273-354","https://www.toptal.com/developers/all","Hubspot"
"1679553273-355","https://www.toptal.com/developers/all","HubSpot API"
"1679553273-356","https://www.toptal.com/developers/all","Hugo"
"1679553273-357","https://www.toptal.com/developers/all","Hybrid App Developers"
"1679553273-358","https://www.toptal.com/developers/all","Hybrid Cloud Engineers"
"1679553273-359","https://www.toptal.com/developers/all","Hybris"
"1679553273-360","https://www.toptal.com/developers/all","Hyperledger"
"1679553273-361","https://www.toptal.com/developers/all","Hyperledger Fabric"
"1679553273-362","https://www.toptal.com/developers/all","iAd"
"1679553273-363","https://www.toptal.com/developers/all","iBeacon"
"1679553273-364","https://www.toptal.com/developers/all","IBM Watson Developers"
"1679553273-365","https://www.toptal.com/developers/all","iCloud"
"1679553273-366","https://www.toptal.com/developers/all","Identity & Access Management (IAM) Specialists"
"1679553273-367","https://www.toptal.com/developers/all","IIS"
"1679553273-368","https://www.toptal.com/developers/all","ImageMagick"
"1679553273-369","https://www.toptal.com/developers/all","Image Processing Software"
"1679553273-370","https://www.toptal.com/developers/all","InfluxDB"
"1679553273-371","https://www.toptal.com/developers/all","Informatica"
"1679553273-372","https://www.toptal.com/developers/all","Infrastructure Engineers"
"1679553273-373","https://www.toptal.com/developers/all","Infusionsoft"
"1679553273-374","https://www.toptal.com/developers/all","Instagram API"
"1679553273-375","https://www.toptal.com/developers/all","Integration"
"1679553273-376","https://www.toptal.com/developers/all","Intercom"
"1679553273-377","https://www.toptal.com/developers/all","IoT Developers"
"1679553273-378","https://www.toptal.com/developers/all","Ionic"
"1679553273-379","https://www.toptal.com/developers/all","iOS"
"1679553273-380","https://www.toptal.com/developers/all","iOS / Android"
"1679553273-381","https://www.toptal.com/developers/all","iOS App Development Experts"
"1679553273-382","https://www.toptal.com/developers/all","iPad"
"1679553273-383","https://www.toptal.com/developers/all","iPhone Developers"
"1679553273-384","https://www.toptal.com/developers/all","iPhone App Developers"
"1679553273-385","https://www.toptal.com/developers/all","Iptables"
"1679553273-386","https://www.toptal.com/developers/all","IT"
"1679553273-387","https://www.toptal.com/developers/all","IT Consultants"
"1679553273-388","https://www.toptal.com/developers/all","ItsNat"
"1679553273-389","https://www.toptal.com/developers/all","IT Web"
"1679553273-390","https://www.toptal.com/developers/all","Jade"
"1679553273-391","https://www.toptal.com/developers/all","Jamstack"
"1679553273-392","https://www.toptal.com/developers/all","Jasmine"
"1679553273-393","https://www.toptal.com/developers/all","JasperReports"
"1679553273-394","https://www.toptal.com/developers/all","Java"
"1679553273-395","https://www.toptal.com/developers/all","Java EE"
"1679553273-396","https://www.toptal.com/developers/all","JavaFX"
"1679553273-397","https://www.toptal.com/developers/all","Java / Python"
"1679553273-398","https://www.toptal.com/developers/all","JavaScript"
"1679553273-399","https://www.toptal.com/developers/all","JavaScript Consultants"
"1679553273-400","https://www.toptal.com/developers/all","Javascript / React"
"1679553273-401","https://www.toptal.com/developers/all","Javascript / WordPress"
"1679553273-402","https://www.toptal.com/developers/all","JavaServer Faces"
"1679553273-403","https://www.toptal.com/developers/all","JBoss"
"1679553273-404","https://www.toptal.com/developers/all","JBoss Seam"
"1679553273-405","https://www.toptal.com/developers/all","JDBC"
"1679553273-406","https://www.toptal.com/developers/all","Jee"
"1679553273-407","https://www.toptal.com/developers/all","Jekyll"
"1679553273-408","https://www.toptal.com/developers/all","Jenkins"
"1679553273-409","https://www.toptal.com/developers/all","Jest"
"1679553273-410","https://www.toptal.com/developers/all","JHipster"
"1679553273-411","https://www.toptal.com/developers/all","Jinja"
"1679553273-412","https://www.toptal.com/developers/all","JIRA"
"1679553273-413","https://www.toptal.com/developers/all","JMeter"
"1679553273-414","https://www.toptal.com/developers/all","JMS"
"1679553273-415","https://www.toptal.com/developers/all","JNI"
"1679553273-416","https://www.toptal.com/developers/all","Joomla"
"1679553273-417","https://www.toptal.com/developers/all","jQuery"
"1679553273-418","https://www.toptal.com/developers/all","JRuby"
"1679553273-419","https://www.toptal.com/developers/all","JSON Expert"
"1679553273-420","https://www.toptal.com/developers/all","JSP"
"1679553273-421","https://www.toptal.com/developers/all","Jspx-bay"
"1679553273-422","https://www.toptal.com/developers/all","Julia"
"1679553273-423","https://www.toptal.com/developers/all","JUnit"
"1679553273-424","https://www.toptal.com/developers/all","Jupyter"
"1679553273-425","https://www.toptal.com/developers/all","JVx"
"1679553273-426","https://www.toptal.com/developers/all","Jython"
"1679553273-427","https://www.toptal.com/developers/all","Kajona"
"1679553273-428","https://www.toptal.com/developers/all","Keras"
"1679553273-429","https://www.toptal.com/developers/all","Keycloak"
"1679553273-430","https://www.toptal.com/developers/all","Kibana"
"1679553273-431","https://www.toptal.com/developers/all","Kindle"
"1679553273-432","https://www.toptal.com/developers/all","Knockout.js"
"1679553273-433","https://www.toptal.com/developers/all","Koa"
"1679553273-434","https://www.toptal.com/developers/all","Kohana"
"1679553273-435","https://www.toptal.com/developers/all","Kotlin"
"1679553273-436","https://www.toptal.com/developers/all","Kubernetes Experts"
"1679553273-437","https://www.toptal.com/developers/all","LabVIEW"
"1679553273-438","https://www.toptal.com/developers/all","LAMP"
"1679553273-439","https://www.toptal.com/developers/all","Laravel"
"1679553273-440","https://www.toptal.com/developers/all","Layar"
"1679553273-441","https://www.toptal.com/developers/all","LDAP"
"1679553273-442","https://www.toptal.com/developers/all","Leaflet"
"1679553273-443","https://www.toptal.com/developers/all","Leaner Style Sheets (LESS)"
"1679553273-444","https://www.toptal.com/developers/all","Leap Motion"
"1679553273-445","https://www.toptal.com/developers/all","LearnDash"
"1679553273-446","https://www.toptal.com/developers/all","Lift"
"1679553273-447","https://www.toptal.com/developers/all","Lightning"
"1679553273-448","https://www.toptal.com/developers/all","LinkedIn API"
"1679553273-449","https://www.toptal.com/developers/all","LINQ"
"1679553273-450","https://www.toptal.com/developers/all","Linux"
"1679553273-451","https://www.toptal.com/developers/all","Linux CentOS"
"1679553273-452","https://www.toptal.com/developers/all","Linux System Administrators"
"1679553273-453","https://www.toptal.com/developers/all","Liquid"
"1679553273-454","https://www.toptal.com/developers/all","Lisp"
"1679553273-455","https://www.toptal.com/developers/all","Litecoin"
"1679553273-456","https://www.toptal.com/developers/all","Lithium"
"1679553273-457","https://www.toptal.com/developers/all","LMS"
"1679553273-458","https://www.toptal.com/developers/all","Load Testing Engineers"
"1679553273-459","https://www.toptal.com/developers/all","Lodash"
"1679553273-460","https://www.toptal.com/developers/all","Logstash"
"1679553273-461","https://www.toptal.com/developers/all","Lotus Notes"
"1679553273-462","https://www.toptal.com/developers/all","Lua"
"1679553273-463","https://www.toptal.com/developers/all","Lumen"
"1679553273-464","https://www.toptal.com/developers/all","Mach-II"
"1679553273-465","https://www.toptal.com/developers/all","Machine Learning Engineers"
"1679553273-466","https://www.toptal.com/developers/all","MacOS"
"1679553273-467","https://www.toptal.com/developers/all","Magento"
"1679553273-468","https://www.toptal.com/developers/all","MailChimp"
"1679553273-469","https://www.toptal.com/developers/all","Mailgun"
"1679553273-470","https://www.toptal.com/developers/all","Makefile"
"1679553273-471","https://www.toptal.com/developers/all","Mapbox"
"1679553273-472","https://www.toptal.com/developers/all","MapKit"
"1679553273-473","https://www.toptal.com/developers/all","MapQuest"
"1679553273-474","https://www.toptal.com/developers/all","MapReduce"
"1679553273-475","https://www.toptal.com/developers/all","MariaDB"
"1679553273-476","https://www.toptal.com/developers/all","Marionette.js"
"1679553273-477","https://www.toptal.com/developers/all","Markdown"
"1679553273-478","https://www.toptal.com/developers/all","Marketo"
"1679553273-479","https://www.toptal.com/developers/all","Mason"
"1679553273-480","https://www.toptal.com/developers/all","Mathematics Experts"
"1679553273-481","https://www.toptal.com/developers/all","MATLAB"
"1679553273-482","https://www.toptal.com/developers/all","Maven Experts"
"1679553273-483","https://www.toptal.com/developers/all","Maya"
"1679553273-484","https://www.toptal.com/developers/all","Maypole"
"1679553273-485","https://www.toptal.com/developers/all","MEAN Stack Developers"
"1679553273-486","https://www.toptal.com/developers/all","Medical Robotics Engineers"
"1679553273-487","https://www.toptal.com/developers/all","Mega"
"1679553273-488","https://www.toptal.com/developers/all","Merb"
"1679553273-489","https://www.toptal.com/developers/all","Mercurial Experts"
"1679553273-490","https://www.toptal.com/developers/all","MERN Stack"
"1679553273-491","https://www.toptal.com/developers/all","MetaMask"
"1679553273-492","https://www.toptal.com/developers/all","Meteor"
"1679553273-493","https://www.toptal.com/developers/all","Microservices"
"1679553273-494","https://www.toptal.com/developers/all","Microsoft"
"1679553273-495","https://www.toptal.com/developers/all","Microsoft Access"
"1679553273-496","https://www.toptal.com/developers/all","Microsoft Dynamics CRM"
"1679553273-497","https://www.toptal.com/developers/all","Microsoft Kinect"
"1679553273-498","https://www.toptal.com/developers/all","Migration Engineers"
"1679553273-499","https://www.toptal.com/developers/all","Mixed Reality Developers"
"1679553273-500","https://www.toptal.com/developers/all","Mixpanel"
"1679553273-501","https://www.toptal.com/developers/all","Mobile Developers"
"1679553273-502","https://www.toptal.com/developers/all","Mobile App Developers"
"1679553273-503","https://www.toptal.com/developers/all","Mocha"
"1679553273-504","https://www.toptal.com/developers/all","Mocha.js"
"1679553273-505","https://www.toptal.com/developers/all","Model-Glue"
"1679553273-506","https://www.toptal.com/developers/all","MVVM Experts"
"1679553273-507","https://www.toptal.com/developers/all","MODx"
"1679553273-508","https://www.toptal.com/developers/all","Mojolicious"
"1679553273-509","https://www.toptal.com/developers/all","Moment.js"
"1679553273-510","https://www.toptal.com/developers/all","Moneybookers"
"1679553273-511","https://www.toptal.com/developers/all","MongoDB"
"1679553273-512","https://www.toptal.com/developers/all","Mongoose"
"1679553273-513","https://www.toptal.com/developers/all","Mono"
"1679553273-514","https://www.toptal.com/developers/all","MonoDevelop"
"1679553273-515","https://www.toptal.com/developers/all","MonoRail"
"1679553273-516","https://www.toptal.com/developers/all","Moodle"
"1679553273-517","https://www.toptal.com/developers/all","MPI"
"1679553273-518","https://www.toptal.com/developers/all","MS SQL Developers"
"1679553273-519","https://www.toptal.com/developers/all","MuleSoft"
"1679553273-520","https://www.toptal.com/developers/all","Multi-Cloud Engineers"
"1679553273-521","https://www.toptal.com/developers/all","Multithreading Experts"
"1679553273-522","https://www.toptal.com/developers/all","Mustache"
"1679553273-523","https://www.toptal.com/developers/all","MySQL"
"1679553273-524","https://www.toptal.com/developers/all","Nagare"
"1679553273-525","https://www.toptal.com/developers/all","Nagios"
"1679553273-526","https://www.toptal.com/developers/all","NativeScript"
"1679553273-527","https://www.toptal.com/developers/all","Neo4j"
"1679553273-528","https://www.toptal.com/developers/all","NestJS"
"1679553273-529","https://www.toptal.com/developers/all",".NET"
"1679553273-530","https://www.toptal.com/developers/all","NetBeans"
"1679553273-531","https://www.toptal.com/developers/all","NetBSD"
"1679553273-532","https://www.toptal.com/developers/all",".NET Core"
"1679553273-533","https://www.toptal.com/developers/all","NetSuite"
"1679553273-534","https://www.toptal.com/developers/all","Nette Framework"
"1679553273-535","https://www.toptal.com/developers/all","Network Programmers"
"1679553273-536","https://www.toptal.com/developers/all","Neural Network"
"1679553273-537","https://www.toptal.com/developers/all","New Relic"
"1679553273-538","https://www.toptal.com/developers/all","Next.js"
"1679553273-539","https://www.toptal.com/developers/all","Nexus"
"1679553273-540","https://www.toptal.com/developers/all","NFT"
"1679553273-541","https://www.toptal.com/developers/all","Nginx Experts"
"1679553273-542","https://www.toptal.com/developers/all","NLP"
"1679553273-543","https://www.toptal.com/developers/all","Node.js"
"1679553273-544","https://www.toptal.com/developers/all","Node.js Consulting Specialists"
"1679553273-545","https://www.toptal.com/developers/all","Node.js / Raspberry Pi"
"1679553273-546","https://www.toptal.com/developers/all","nopCommerce"
"1679553273-547","https://www.toptal.com/developers/all","NoSQL"
"1679553273-548","https://www.toptal.com/developers/all","Notion"
"1679553273-549","https://www.toptal.com/developers/all","NPM"
"1679553273-550","https://www.toptal.com/developers/all","NumPy"
"1679553273-551","https://www.toptal.com/developers/all","Nuxt.js"
"1679553273-552","https://www.toptal.com/developers/all","OAuth Experts"
"1679553273-553","https://www.toptal.com/developers/all","Objective-C"
"1679553273-554","https://www.toptal.com/developers/all","Object-oriented Programming Experts"
"1679553273-555","https://www.toptal.com/developers/all","OCaml"
"1679553273-556","https://www.toptal.com/developers/all","Octave"
"1679553273-557","https://www.toptal.com/developers/all","Oculus Rift"
"1679553273-558","https://www.toptal.com/developers/all","Odoo"
"1679553273-559","https://www.toptal.com/developers/all","Offshore Developers"
"1679553273-560","https://www.toptal.com/developers/all","Offshore Android"
"1679553273-561","https://www.toptal.com/developers/all","Offshore App"
"1679553273-562","https://www.toptal.com/developers/all","Offshore iOS"
"1679553273-563","https://www.toptal.com/developers/all","Offshore Java"
"1679553273-564","https://www.toptal.com/developers/all","Offshore Magento"
"1679553273-565","https://www.toptal.com/developers/all","Offshore .NET"
"1679553273-566","https://www.toptal.com/developers/all","Offshore Node.js"
"1679553273-567","https://www.toptal.com/developers/all","Offshore PHP"
"1679553273-568","https://www.toptal.com/developers/all","Offshore Python"
"1679553273-569","https://www.toptal.com/developers/all","Offshore Ruby on Rails"
"1679553273-570","https://www.toptal.com/developers/all","Offshore Web"
"1679553273-571","https://www.toptal.com/developers/all","Offshore Web Design"
"1679553273-572","https://www.toptal.com/developers/all","Offshore WordPress"
"1679553273-573","https://www.toptal.com/developers/all","OneDrive"
"1679553273-574","https://www.toptal.com/developers/all","OpenAI"
"1679553273-575","https://www.toptal.com/developers/all","OpenAI Gym"
"1679553273-576","https://www.toptal.com/developers/all","OpenBSD"
"1679553273-577","https://www.toptal.com/developers/all","OpenCart"
"1679553273-578","https://www.toptal.com/developers/all","OpenCV"
"1679553273-579","https://www.toptal.com/developers/all","OpenERP"
"1679553273-580","https://www.toptal.com/developers/all","OpenGL"
"1679553273-581","https://www.toptal.com/developers/all","OpenLaszlo"
"1679553273-582","https://www.toptal.com/developers/all","OpenRasta"
"1679553273-583","https://www.toptal.com/developers/all","OpenSocial"
"1679553273-584","https://www.toptal.com/developers/all","Open Source"
"1679553273-585","https://www.toptal.com/developers/all","OpenStack"
"1679553273-586","https://www.toptal.com/developers/all","OpenUI5"
"1679553273-587","https://www.toptal.com/developers/all","OpenXava"
"1679553273-588","https://www.toptal.com/developers/all","Optical Character Recognition"
"1679553273-589","https://www.toptal.com/developers/all","Oracle"
"1679553273-590","https://www.toptal.com/developers/all","Oracle ADF"
"1679553273-591","https://www.toptal.com/developers/all","Oracle Forms"
"1679553273-592","https://www.toptal.com/developers/all","Oracle SQL"
"1679553273-593","https://www.toptal.com/developers/all","osCommerce"
"1679553273-594","https://www.toptal.com/developers/all","Outsourced Developers"
"1679553273-595","https://www.toptal.com/developers/all","P2P"
"1679553273-596","https://www.toptal.com/developers/all","Packer"
"1679553273-597","https://www.toptal.com/developers/all","Padrino"
"1679553273-598","https://www.toptal.com/developers/all","Pandas"
"1679553273-599","https://www.toptal.com/developers/all","Pardot"
"1679553273-600","https://www.toptal.com/developers/all","Parse"
"1679553273-601","https://www.toptal.com/developers/all","Pascal"
"1679553273-602","https://www.toptal.com/developers/all","Passport.js"
"1679553273-603","https://www.toptal.com/developers/all","Payment Processing"
"1679553273-604","https://www.toptal.com/developers/all","PayPal"
"1679553273-605","https://www.toptal.com/developers/all","Pebble"
"1679553273-606","https://www.toptal.com/developers/all","Perl"
"1679553273-607","https://www.toptal.com/developers/all","Phoenix"
"1679553273-608","https://www.toptal.com/developers/all","PhoneGap"
"1679553273-609","https://www.toptal.com/developers/all","PHP"
"1679553273-610","https://www.toptal.com/developers/all","phpBB"
"1679553273-611","https://www.toptal.com/developers/all","phpFox"
"1679553273-612","https://www.toptal.com/developers/all","PHPixie"
"1679553273-613","https://www.toptal.com/developers/all","PHP / Laravel"
"1679553273-614","https://www.toptal.com/developers/all","PHP / MySQL"
"1679553273-615","https://www.toptal.com/developers/all","PhpStorm Experts"
"1679553273-616","https://www.toptal.com/developers/all","PHPUnit"
"1679553273-617","https://www.toptal.com/developers/all","PHP Unit Testing"
"1679553273-618","https://www.toptal.com/developers/all","PHP / WordPress"
"1679553273-619","https://www.toptal.com/developers/all","Play"
"1679553273-620","https://www.toptal.com/developers/all","Play Framework"
"1679553273-621","https://www.toptal.com/developers/all","Plone"
"1679553273-622","https://www.toptal.com/developers/all","PL/SQL"
"1679553273-623","https://www.toptal.com/developers/all","Pocket"
"1679553273-624","https://www.toptal.com/developers/all","Poco"
"1679553273-625","https://www.toptal.com/developers/all","Polymer"
"1679553273-626","https://www.toptal.com/developers/all","POS"
"1679553273-627","https://www.toptal.com/developers/all","PostgreSQL"
"1679553273-628","https://www.toptal.com/developers/all","Postman"
"1679553273-629","https://www.toptal.com/developers/all","PowerApps"
"1679553273-630","https://www.toptal.com/developers/all","Power Automate"
"1679553273-631","https://www.toptal.com/developers/all","Power BI"
"1679553273-632","https://www.toptal.com/developers/all","PowerBuilder"
"1679553273-633","https://www.toptal.com/developers/all","PRADO"
"1679553273-634","https://www.toptal.com/developers/all","Preact"
"1679553273-635","https://www.toptal.com/developers/all","PrestaShop"
"1679553273-636","https://www.toptal.com/developers/all","Prezi"
"1679553273-637","https://www.toptal.com/developers/all","Prism"
"1679553273-638","https://www.toptal.com/developers/all","Prisma"
"1679553273-639","https://www.toptal.com/developers/all","Product"
"1679553273-640","https://www.toptal.com/developers/all","Product Architects"
"1679553273-641","https://www.toptal.com/developers/all","Prolog"
"1679553273-642","https://www.toptal.com/developers/all","Prometheus"
"1679553273-643","https://www.toptal.com/developers/all","Protobuf"
"1679553273-644","https://www.toptal.com/developers/all","Prototype"
"1679553273-645","https://www.toptal.com/developers/all","Protractor"
"1679553273-646","https://www.toptal.com/developers/all","PubNub"
"1679553273-647","https://www.toptal.com/developers/all","Pug"
"1679553273-648","https://www.toptal.com/developers/all","Puppeteer"
"1679553273-649","https://www.toptal.com/developers/all","PureMVC"
"1679553273-650","https://www.toptal.com/developers/all","Pusher"
"1679553273-651","https://www.toptal.com/developers/all","PWA"
"1679553273-652","https://www.toptal.com/developers/all","PyCharm Experts"
"1679553273-653","https://www.toptal.com/developers/all","Pyjs"
"1679553273-654","https://www.toptal.com/developers/all","Pylons"
"1679553273-655","https://www.toptal.com/developers/all","PyObjC"
"1679553273-656","https://www.toptal.com/developers/all","PyQt"
"1679553273-657","https://www.toptal.com/developers/all","Pyramid"
"1679553273-658","https://www.toptal.com/developers/all","Pyspark"
"1679553273-659","https://www.toptal.com/developers/all","Pytest"
"1679553273-660","https://www.toptal.com/developers/all","Python"
"1679553273-661","https://www.toptal.com/developers/all","Python / C#"
"1679553273-662","https://www.toptal.com/developers/all","Experts in Python Development Services"
"1679553273-663","https://www.toptal.com/developers/all","Pytorch"
"1679553273-664","https://www.toptal.com/developers/all","QA Engineers"
"1679553273-665","https://www.toptal.com/developers/all","QA Analysts"
"1679553273-666","https://www.toptal.com/developers/all","QA Leads"
"1679553273-667","https://www.toptal.com/developers/all","QA Managers"
"1679553273-668","https://www.toptal.com/developers/all","Manual Testers"
"1679553273-669","https://www.toptal.com/developers/all","QA Specialists"
"1679553273-670","https://www.toptal.com/developers/all","QA Testers"
"1679553273-671","https://www.toptal.com/developers/all","Qlik"
"1679553273-672","https://www.toptal.com/developers/all","QlikView"
"1679553273-673","https://www.toptal.com/developers/all","QML"
"1679553273-674","https://www.toptal.com/developers/all","Qt"
"1679553273-675","https://www.toptal.com/developers/all","Quantitative"
"1679553273-676","https://www.toptal.com/developers/all","QuickBase"
"1679553273-677","https://www.toptal.com/developers/all","QuickBooks"
"1679553273-678","https://www.toptal.com/developers/all","R"
"1679553273-679","https://www.toptal.com/developers/all","R3 Corda"
"1679553273-680","https://www.toptal.com/developers/all","RabbitMQ"
"1679553273-681","https://www.toptal.com/developers/all","Rackspace"
"1679553273-682","https://www.toptal.com/developers/all","Ractive.js"
"1679553273-683","https://www.toptal.com/developers/all","Raspberry Pi"
"1679553273-684","https://www.toptal.com/developers/all","Razor"
"1679553273-685","https://www.toptal.com/developers/all","React Hooks"
"1679553273-686","https://www.toptal.com/developers/all","React.js"
"1679553273-687","https://www.toptal.com/developers/all","React.js Development Consultants"
"1679553273-688","https://www.toptal.com/developers/all","React Native"
"1679553273-689","https://www.toptal.com/developers/all","React / Node.js"
"1679553273-690","https://www.toptal.com/developers/all","React Web Developers"
"1679553273-691","https://www.toptal.com/developers/all","Realm"
"1679553273-692","https://www.toptal.com/developers/all","Recommendation Systems Specialists"
"1679553273-693","https://www.toptal.com/developers/all","Redis"
"1679553273-694","https://www.toptal.com/developers/all","Redmine Developers"
"1679553273-695","https://www.toptal.com/developers/all","Redshift"
"1679553273-696","https://www.toptal.com/developers/all","Redux"
"1679553273-697","https://www.toptal.com/developers/all","Redux Saga"
"1679553273-698","https://www.toptal.com/developers/all","Regex"
"1679553273-699","https://www.toptal.com/developers/all","Release Engineers"
"1679553273-700","https://www.toptal.com/developers/all","Remote Developers"
"1679553273-701","https://www.toptal.com/developers/all","Requests"
"1679553273-702","https://www.toptal.com/developers/all","RequireJS"
"1679553273-703","https://www.toptal.com/developers/all","Responsive Web Developers"
"1679553273-704","https://www.toptal.com/developers/all","REST API"
"1679553273-705","https://www.toptal.com/developers/all","RethinkDB"
"1679553273-706","https://www.toptal.com/developers/all","Retrofit"
"1679553273-707","https://www.toptal.com/developers/all","Riak"
"1679553273-708","https://www.toptal.com/developers/all","RIFE"
"1679553273-709","https://www.toptal.com/developers/all","Robotics Engineers"
"1679553273-710","https://www.toptal.com/developers/all","ROS"
"1679553273-711","https://www.toptal.com/developers/all","RSpec"
"1679553273-712","https://www.toptal.com/developers/all","RSS"
"1679553273-713","https://www.toptal.com/developers/all","RStudio"
"1679553273-714","https://www.toptal.com/developers/all","RStudio Shiny"
"1679553273-715","https://www.toptal.com/developers/all","Ruby"
"1679553273-716","https://www.toptal.com/developers/all","Ruby on Rails"
"1679553273-717","https://www.toptal.com/developers/all","Ruby on Rails Consulting Specialists"
"1679553273-718","https://www.toptal.com/developers/all","Rust"
"1679553273-719","https://www.toptal.com/developers/all","RxJava"
"1679553273-720","https://www.toptal.com/developers/all","RxJS"
"1679553273-721","https://www.toptal.com/developers/all","RxSwift"
"1679553273-722","https://www.toptal.com/developers/all","SaaS"
"1679553273-723","https://www.toptal.com/developers/all","Saetta Web Server"
"1679553273-724","https://www.toptal.com/developers/all","Sage"
"1679553273-725","https://www.toptal.com/developers/all","SageMaker"
"1679553273-726","https://www.toptal.com/developers/all","Sails.js"
"1679553273-727","https://www.toptal.com/developers/all","Salesforce"
"1679553273-728","https://www.toptal.com/developers/all","Salesforce1 Mobile App"
"1679553273-729","https://www.toptal.com/developers/all","Salesforce API"
"1679553273-730","https://www.toptal.com/developers/all","Salesforce Commerce Cloud Developers"
"1679553273-731","https://www.toptal.com/developers/all","Salesforce Consultants"
"1679553273-732","https://www.toptal.com/developers/all","Salesforce Lightning"
"1679553273-733","https://www.toptal.com/developers/all","SaltStack"
"1679553273-734","https://www.toptal.com/developers/all","SAML"
"1679553273-735","https://www.toptal.com/developers/all","SAS"
"1679553273-736","https://www.toptal.com/developers/all","Sass"
"1679553273-737","https://www.toptal.com/developers/all","SCADA"
"1679553273-738","https://www.toptal.com/developers/all","Scala"
"1679553273-739","https://www.toptal.com/developers/all","Scalatra"
"1679553273-740","https://www.toptal.com/developers/all","Scientific Software Developers"
"1679553273-741","https://www.toptal.com/developers/all","Scikit-Learn"
"1679553273-742","https://www.toptal.com/developers/all","SciPy"
"1679553273-743","https://www.toptal.com/developers/all","SCM Engineers"
"1679553273-744","https://www.toptal.com/developers/all","Scrapy"
"1679553273-745","https://www.toptal.com/developers/all","Scrum"
"1679553273-746","https://www.toptal.com/developers/all","SDETs"
"1679553273-747","https://www.toptal.com/developers/all","SecOps"
"1679553273-748","https://www.toptal.com/developers/all","Security Architects"
"1679553273-749","https://www.toptal.com/developers/all","Security Engineers"
"1679553273-750","https://www.toptal.com/developers/all","Selenium"
"1679553273-751","https://www.toptal.com/developers/all","Sencha Touch"
"1679553273-752","https://www.toptal.com/developers/all","SendGrid"
"1679553273-753","https://www.toptal.com/developers/all","SendGrid API"
"1679553273-754","https://www.toptal.com/developers/all","Sendmail"
"1679553273-755","https://www.toptal.com/developers/all","Senior Android"
"1679553273-756","https://www.toptal.com/developers/all","Senior Node.js"
"1679553273-757","https://www.toptal.com/developers/all","Senior Ruby"
"1679553273-758","https://www.toptal.com/developers/all","Senior Web"
"1679553273-759","https://www.toptal.com/developers/all","Sentry"
"1679553273-760","https://www.toptal.com/developers/all","SEO"
"1679553273-761","https://www.toptal.com/developers/all","Sequelize"
"1679553273-762","https://www.toptal.com/developers/all","Serverless"
"1679553273-763","https://www.toptal.com/developers/all","ServiceNow Developers"
"1679553273-764","https://www.toptal.com/developers/all","SharePoint"
"1679553273-765","https://www.toptal.com/developers/all","Shell"
"1679553273-766","https://www.toptal.com/developers/all","Shell Script"
"1679553273-767","https://www.toptal.com/developers/all","Shopify"
"1679553273-768","https://www.toptal.com/developers/all","Shopify API"
"1679553273-769","https://www.toptal.com/developers/all","Shopify Theme"
"1679553273-770","https://www.toptal.com/developers/all","Sidekiq"
"1679553273-771","https://www.toptal.com/developers/all","SignalR"
"1679553273-772","https://www.toptal.com/developers/all","Silex"
"1679553273-773","https://www.toptal.com/developers/all","Silverlight"
"1679553273-774","https://www.toptal.com/developers/all","SilverStripe"
"1679553273-775","https://www.toptal.com/developers/all","Sinatra"
"1679553273-776","https://www.toptal.com/developers/all","Sinon.JS"
"1679553273-777","https://www.toptal.com/developers/all","Sitefinity"
"1679553273-778","https://www.toptal.com/developers/all","Site Reliability Engineers"
"1679553273-779","https://www.toptal.com/developers/all","Site Speed Optimization"
"1679553273-780","https://www.toptal.com/developers/all","Slack"
"1679553273-781","https://www.toptal.com/developers/all","Slim"
"1679553273-782","https://www.toptal.com/developers/all","Smart Contract"
"1679553273-783","https://www.toptal.com/developers/all","Smarty"
"1679553273-784","https://www.toptal.com/developers/all","SMS"
"1679553273-785","https://www.toptal.com/developers/all","Snap"
"1679553273-786","https://www.toptal.com/developers/all","Snowflake"
"1679553273-787","https://www.toptal.com/developers/all","SOA"
"1679553273-788","https://www.toptal.com/developers/all","SOAP"
"1679553273-789","https://www.toptal.com/developers/all","Socket.IO"
"1679553273-790","https://www.toptal.com/developers/all","Software Architects"
"1679553273-791","https://www.toptal.com/developers/all","Software Consultants"
"1679553273-792","https://www.toptal.com/developers/all","Software Developers"
"1679553273-793","https://www.toptal.com/developers/all","Software Engineers"
"1679553273-794","https://www.toptal.com/developers/all","Software Interface"
"1679553273-795","https://www.toptal.com/developers/all","Solaris"
"1679553273-796","https://www.toptal.com/developers/all","Solidity"
"1679553273-797","https://www.toptal.com/developers/all","SOLIDWORKS"
"1679553273-798","https://www.toptal.com/developers/all","Solr"
"1679553273-799","https://www.toptal.com/developers/all","Sonarqube"
"1679553273-800","https://www.toptal.com/developers/all","SOQL"
"1679553273-801","https://www.toptal.com/developers/all","SourceTree"
"1679553273-802","https://www.toptal.com/developers/all","Spark"
"1679553273-803","https://www.toptal.com/developers/all","SPARQL"
"1679553273-804","https://www.toptal.com/developers/all","Spatial Data Scientists"
"1679553273-805","https://www.toptal.com/developers/all","Splunk"
"1679553273-806","https://www.toptal.com/developers/all","Spotfire"
"1679553273-807","https://www.toptal.com/developers/all","Spotify"
"1679553273-808","https://www.toptal.com/developers/all","Spree Commerce"
"1679553273-809","https://www.toptal.com/developers/all","Spring"
"1679553273-810","https://www.toptal.com/developers/all","Spring Boot"
"1679553273-811","https://www.toptal.com/developers/all","SpriteKit"
"1679553273-812","https://www.toptal.com/developers/all","SQL"
"1679553273-813","https://www.toptal.com/developers/all","SQL CLR"
"1679553273-814","https://www.toptal.com/developers/all","SQLite"
"1679553273-815","https://www.toptal.com/developers/all","SQL Server"
"1679553273-816","https://www.toptal.com/developers/all","SQL Tuning"
"1679553273-817","https://www.toptal.com/developers/all","Squarespace"
"1679553273-818","https://www.toptal.com/developers/all","SSH"
"1679553273-819","https://www.toptal.com/developers/all","SSIS"
"1679553273-820","https://www.toptal.com/developers/all","SSRS"
"1679553273-821","https://www.toptal.com/developers/all","Startup"
"1679553273-822","https://www.toptal.com/developers/all","Stripe"
"1679553273-823","https://www.toptal.com/developers/all","Stripes"
"1679553273-824","https://www.toptal.com/developers/all","Struts"
"1679553273-825","https://www.toptal.com/developers/all","Stylus"
"1679553273-826","https://www.toptal.com/developers/all","Sublime Text"
"1679553273-827","https://www.toptal.com/developers/all","Subversion (SVN)"
"1679553273-828","https://www.toptal.com/developers/all","SugarCRM"
"1679553273-829","https://www.toptal.com/developers/all","SUN"
"1679553273-830","https://www.toptal.com/developers/all","Svelte"
"1679553273-831","https://www.toptal.com/developers/all","SVG"
"1679553273-832","https://www.toptal.com/developers/all","Swagger"
"1679553273-833","https://www.toptal.com/developers/all","Swift"
"1679553273-834","https://www.toptal.com/developers/all","Sybase"
"1679553273-835","https://www.toptal.com/developers/all","Symbian"
"1679553273-836","https://www.toptal.com/developers/all","Symfony"
"1679553273-837","https://www.toptal.com/developers/all","Sys Admins"
"1679553273-838","https://www.toptal.com/developers/all","System Integration"
"1679553273-839","https://www.toptal.com/developers/all","System Security Developers"
"1679553273-840","https://www.toptal.com/developers/all","Systems Engineers"
"1679553273-841","https://www.toptal.com/developers/all","Tableau"
"1679553273-842","https://www.toptal.com/developers/all","TACTIC"
"1679553273-843","https://www.toptal.com/developers/all","Takes"
"1679553273-844","https://www.toptal.com/developers/all","Talend"
"1679553273-845","https://www.toptal.com/developers/all","Teamcity"
"1679553273-846","https://www.toptal.com/developers/all","Tech Freelancers"
"1679553273-847","https://www.toptal.com/developers/all","Technical Lead"
"1679553273-848","https://www.toptal.com/developers/all","Technical Writers"
"1679553273-849","https://www.toptal.com/developers/all","Telegram API"
"1679553273-850","https://www.toptal.com/developers/all","Telerik"
"1679553273-851","https://www.toptal.com/developers/all","Tendermint"
"1679553273-852","https://www.toptal.com/developers/all","TensorFlow"
"1679553273-853","https://www.toptal.com/developers/all","Teradata"
"1679553273-854","https://www.toptal.com/developers/all","Terraform"
"1679553273-855","https://www.toptal.com/developers/all","Test Automation Engineers"
"1679553273-856","https://www.toptal.com/developers/all","Test Automation Architects"
"1679553273-857","https://www.toptal.com/developers/all","Test-driven Development Experts"
"1679553273-858","https://www.toptal.com/developers/all","Test Engineers"
"1679553273-859","https://www.toptal.com/developers/all","Test Software Engineers"
"1679553273-860","https://www.toptal.com/developers/all","ThinWire"
"1679553273-861","https://www.toptal.com/developers/all","Three.js"
"1679553273-862","https://www.toptal.com/developers/all","Thymeleaf"
"1679553273-863","https://www.toptal.com/developers/all","TIBCO"
"1679553273-864","https://www.toptal.com/developers/all","Titanium"
"1679553273-865","https://www.toptal.com/developers/all","Tizen"
"1679553273-866","https://www.toptal.com/developers/all","Tntnet"
"1679553273-867","https://www.toptal.com/developers/all","TokBox"
"1679553273-868","https://www.toptal.com/developers/all","Tornado"
"1679553273-869","https://www.toptal.com/developers/all","Trading Software"
"1679553273-870","https://www.toptal.com/developers/all","Trello"
"1679553273-871","https://www.toptal.com/developers/all","T-SQL"
"1679553273-872","https://www.toptal.com/developers/all","Tumblr"
"1679553273-873","https://www.toptal.com/developers/all","TurboGears"
"1679553273-874","https://www.toptal.com/developers/all","tvOS"
"1679553273-875","https://www.toptal.com/developers/all","Twig"
"1679553273-876","https://www.toptal.com/developers/all","Twilio"
"1679553273-877","https://www.toptal.com/developers/all","Twitter"
"1679553273-878","https://www.toptal.com/developers/all","Twitter Bootstrap"
"1679553273-879","https://www.toptal.com/developers/all","TypeScript"
"1679553273-880","https://www.toptal.com/developers/all","TYPO3"
"1679553273-881","https://www.toptal.com/developers/all","TYPO3 Flow"
"1679553273-882","https://www.toptal.com/developers/all","Uber"
"1679553273-883","https://www.toptal.com/developers/all","Ubuntu"
"1679553273-884","https://www.toptal.com/developers/all","UDP"
"1679553273-885","https://www.toptal.com/developers/all","UI"
"1679553273-886","https://www.toptal.com/developers/all","UIKit"
"1679553273-887","https://www.toptal.com/developers/all","UiPath"
"1679553273-888","https://www.toptal.com/developers/all","UI/UX"
"1679553273-889","https://www.toptal.com/developers/all","UI, UX, and Front-end Developers"
"1679553273-890","https://www.toptal.com/developers/all","Umbraco"
"1679553273-891","https://www.toptal.com/developers/all","UML"
"1679553273-892","https://www.toptal.com/developers/all","Underscore.js"
"1679553273-893","https://www.toptal.com/developers/all","Unified.js"
"1679553273-894","https://www.toptal.com/developers/all","Unit Testing Experts"
"1679553273-895","https://www.toptal.com/developers/all","Unity or Unity3D"
"1679553273-896","https://www.toptal.com/developers/all","Unix"
"1679553273-897","https://www.toptal.com/developers/all","Unreal Engine"
"1679553273-898","https://www.toptal.com/developers/all","Usability Engineers"
"1679553273-899","https://www.toptal.com/developers/all","User Acceptance Testing (UAT)"
"1679553273-900","https://www.toptal.com/developers/all","UX"
"1679553273-901","https://www.toptal.com/developers/all","Vaadin"
"1679553273-902","https://www.toptal.com/developers/all","Vagrant"
"1679553273-903","https://www.toptal.com/developers/all","Vanilla JS"
"1679553273-904","https://www.toptal.com/developers/all","Varnishdan"
"1679553273-905","https://www.toptal.com/developers/all","VBA"
"1679553273-906","https://www.toptal.com/developers/all","VB.NET"
"1679553273-907","https://www.toptal.com/developers/all","VBScript"
"1679553273-908","https://www.toptal.com/developers/all","vBulletin"
"1679553273-909","https://www.toptal.com/developers/all","Velocity"
"1679553273-910","https://www.toptal.com/developers/all","Verilog"
"1679553273-911","https://www.toptal.com/developers/all","VHDL"
"1679553273-912","https://www.toptal.com/developers/all","Vibe.d"
"1679553273-913","https://www.toptal.com/developers/all","Vimeo"
"1679553273-914","https://www.toptal.com/developers/all","Vine"
"1679553273-915","https://www.toptal.com/developers/all","Virtualization Engineers"
"1679553273-916","https://www.toptal.com/developers/all","Virtual Reality Developers"
"1679553273-917","https://www.toptal.com/developers/all","Visio"
"1679553273-918","https://www.toptal.com/developers/all","Visual Basic"
"1679553273-919","https://www.toptal.com/developers/all","Visualforce"
"1679553273-920","https://www.toptal.com/developers/all","Visual Studio"
"1679553273-921","https://www.toptal.com/developers/all","VMware Engineers"
"1679553273-922","https://www.toptal.com/developers/all","VoIP Engineers"
"1679553273-923","https://www.toptal.com/developers/all","VoIP Software"
"1679553273-924","https://www.toptal.com/developers/all","Volusion"
"1679553273-925","https://www.toptal.com/developers/all","VRaptor"
"1679553273-926","https://www.toptal.com/developers/all","VSS"
"1679553273-927","https://www.toptal.com/developers/all","vTiger"
"1679553273-928","https://www.toptal.com/developers/all","Vue.js"
"1679553273-929","https://www.toptal.com/developers/all","Vue Storefront"
"1679553273-930","https://www.toptal.com/developers/all","Vuetify.js"
"1679553273-931","https://www.toptal.com/developers/all","Vuforia"
"1679553273-932","https://www.toptal.com/developers/all","Wavemaker"
"1679553273-933","https://www.toptal.com/developers/all","Web Developers"
"1679553273-934","https://www.toptal.com/developers/all","Web2Py"
"1679553273-935","https://www.toptal.com/developers/all","Web3.js"
"1679553273-936","https://www.toptal.com/developers/all","Web Application Developers"
"1679553273-937","https://www.toptal.com/developers/all","Web Architecture"
"1679553273-938","https://www.toptal.com/developers/all","WebAssembly"
"1679553273-939","https://www.toptal.com/developers/all","Webflow"
"1679553273-940","https://www.toptal.com/developers/all","WebGL"
"1679553273-941","https://www.toptal.com/developers/all","WebKit"
"1679553273-942","https://www.toptal.com/developers/all","WebObjects"
"1679553273-943","https://www.toptal.com/developers/all","webOS"
"1679553273-944","https://www.toptal.com/developers/all","Web QA Engineers"
"1679553273-945","https://www.toptal.com/developers/all","WebRTC"
"1679553273-946","https://www.toptal.com/developers/all","Web Scraping"
"1679553273-947","https://www.toptal.com/developers/all","Web Services"
"1679553273-948","https://www.toptal.com/developers/all","Website Auditors"
"1679553273-949","https://www.toptal.com/developers/all","WebSphere"
"1679553273-950","https://www.toptal.com/developers/all","WebStorm Experts"
"1679553273-951","https://www.toptal.com/developers/all","Webware"
"1679553273-952","https://www.toptal.com/developers/all","WebWork"
"1679553273-953","https://www.toptal.com/developers/all","WebXR Developers"
"1679553273-954","https://www.toptal.com/developers/all","Weebly"
"1679553273-955","https://www.toptal.com/developers/all","Windows"
"1679553273-956","https://www.toptal.com/developers/all","Windows App"
"1679553273-957","https://www.toptal.com/developers/all","Windows Phone"
"1679553273-958","https://www.toptal.com/developers/all","WinForms"
"1679553273-959","https://www.toptal.com/developers/all","Wireshark"
"1679553273-960","https://www.toptal.com/developers/all","Wix"
"1679553273-961","https://www.toptal.com/developers/all","WooCommerce"
"1679553273-962","https://www.toptal.com/developers/all","WordPress"
"1679553273-963","https://www.toptal.com/developers/all","WordPress Genesis"
"1679553273-964","https://www.toptal.com/developers/all","WordPress Plugin"
"1679553273-965","https://www.toptal.com/developers/all","Wordpress Specialists"
"1679553273-966","https://www.toptal.com/developers/all","WordPress Theme"
"1679553273-967","https://www.toptal.com/developers/all","Wowza"
"1679553273-968","https://www.toptal.com/developers/all","WPF"
"1679553273-969","https://www.toptal.com/developers/all","WSDL"
"1679553273-970","https://www.toptal.com/developers/all","Wt"
"1679553273-971","https://www.toptal.com/developers/all","Xamarin"
"1679553273-972","https://www.toptal.com/developers/all","Xamarin.Forms"
"1679553273-973","https://www.toptal.com/developers/all","XAML"
"1679553273-974","https://www.toptal.com/developers/all","Xbox"
"1679553273-975","https://www.toptal.com/developers/all","Xcode"
"1679553273-976","https://www.toptal.com/developers/all","Xero"
"1679553273-977","https://www.toptal.com/developers/all","XHTML"
"1679553273-978","https://www.toptal.com/developers/all","XML"
"1679553273-979","https://www.toptal.com/developers/all","XMPP"
"1679553273-980","https://www.toptal.com/developers/all","XNA"
"1679553273-981","https://www.toptal.com/developers/all","XP"
"1679553273-982","https://www.toptal.com/developers/all","XPath"
"1679553273-983","https://www.toptal.com/developers/all","xQuery"
"1679553273-984","https://www.toptal.com/developers/all","XSD"
"1679553273-985","https://www.toptal.com/developers/all","XSLT"
"1679553273-986","https://www.toptal.com/developers/all","xUnit"
"1679553273-987","https://www.toptal.com/developers/all","Yahoo! Software Engineers"
"1679553273-988","https://www.toptal.com/developers/all","Yahoo! Store"
"1679553273-989","https://www.toptal.com/developers/all","YAML"
"1679553273-990","https://www.toptal.com/developers/all","Yelp API"
"1679553273-991","https://www.toptal.com/developers/all","Yesod"
"1679553273-992","https://www.toptal.com/developers/all","Yii"
"1679553273-993","https://www.toptal.com/developers/all","Yii 2"
"1679553273-994","https://www.toptal.com/developers/all","YouTube API"
"1679553273-995","https://www.toptal.com/developers/all","Zabbix"
"1679553273-996","https://www.toptal.com/developers/all","Zapier"
"1679553273-997","https://www.toptal.com/developers/all","Ze Framework"
"1679553273-998","https://www.toptal.com/developers/all","Zen Cart"
"1679553273-999","https://www.toptal.com/developers/all","Zend"
"1679553273-1000","https://www.toptal.com/developers/all","Zendesk"
"1679553273-1001","https://www.toptal.com/developers/all","ZK"
"1679553273-1002","https://www.toptal.com/developers/all","Zoho"
"1679553273-1003","https://www.toptal.com/developers/all","Zoom"
"1679553273-1004","https://www.toptal.com/developers/all","Zoom API"
"1679553273-1005","https://www.toptal.com/developers/all","Zope 2"
"1679553273-1006","https://www.toptal.com/developers/all","Zsh"
"1679553273-1007","https://www.toptal.com/developers/all","zTemplates"
"1679553273-1008","https://www.toptal.com/developers/all","ZURB Foundation"
